title,channel,publishedAt,views,likes,dislikes,comments,categoryId
Can You Guess The Fake Soccer Ball?,Stokes Twins,2025-04-09T11:04:41Z,65368350,1912378,0,1341,22
Are Bananas Actually Slippery?,Mark Rober,2025-04-10T16:03:39Z,27251075,1028190,0,1275,28
Con RiÃªng Cáº£nh BÃ¡o Bá»‘ VÃ  Tiá»ƒu Tam Äá»‹nh HÃ£m Háº¡i ChÃ­nh Tháº¥t VÃ  CÃ¡i Káº¿t | Chuyá»‡n Cá»§a Trinh p1 #shorts,HAM TV,2025-04-10T11:01:16Z,1372573,17889,0,29,24
Smart Dog ğŸ˜±ğŸ¤£ #demariki,Demariki,2025-04-09T15:01:30Z,31012780,392852,0,243,23
"Cool Items!ğŸ¥° New Gadgets, Smart Appliances, Kitchen Tools Utensils, Home Cleaning, Beauty #shorts",Cool Items Official,2025-04-10T14:00:29Z,46129651,478987,0,272,26
Smoke Bomb vs Diamond Play Button,Jesser,2025-04-08T16:00:38Z,28219027,1149645,0,1962,17
Con em tinh tÆ°á»›ng Äƒn thi káº¹o bÃ´ng vÃ  nháº­n hÃ¬nh pháº¡t #shorts,Thuá»· MÃ­t Official,2025-04-06T04:30:07Z,3195024,35658,0,39,22
"With this method, the water from the air conditioning will not drip onto the wall.",Little Yang Show,2025-04-10T11:15:04Z,9906608,73991,0,52,22
HIEUTHUHAI - NÆ°á»›c Máº¯t CÃ¡ Sáº¥u (prod. by Kewtiie) l Official Music Video,HIEUTHUHAI,2025-04-01T13:00:07Z,12072403,236235,0,56261,10
"Khi NgÆ°á»i ChÆ¡i Squid Game TÃ¡ch Káº¹o ""Cá»¥c KÃ­t"" P2 | Sheep #shorts",Sheep,2025-04-01T10:30:08Z,14137348,186258,0,271,24
Happy Dog ğŸ’ğŸ¤£ #demariki,Demariki,2025-04-09T12:00:03Z,19119332,202824,0,54,23
IQ 150 ì´ìƒë§Œ í’€ ìˆ˜ ìˆëŠ” ë¬¸ì œ,ì§„ì˜ë¯¼yeongmin,2025-04-06T12:00:28Z,31619868,466230,0,456,22
Äá»™i Äáº·c Nhiá»‡m Chá»‘ng ThÃ¢y Ma 2 #haihuoc #nec #funny #trending #vuinhon #foryou #zombie #viralvideo,NEC,2025-04-05T11:00:33Z,2241575,32283,0,72,24
Äá»™i Äáº·c Nhiá»‡m KFC Cá»§a Anh GÃ  SiÃªu BÃ¡ Äáº¡o ??!ğŸ¤£ - Táº­p 588 #shorts,Anh GÃ  MC,2025-04-11T04:12:31Z,1918334,39257,0,272,20
ÄÃ n Ã”ng MÃ  KhÃ´ng Biáº¿t Ä‚n Cay ThÃ¬ - BÃ¡ch Khá»‰,BÃ¡ch Khá»‰,2025-04-05T17:00:03Z,1976913,22546,0,25,22
Smart Sigma Kid #funny #sigma,CRAZY GREAPA,2025-04-02T13:27:54Z,99499891,2413191,0,3992,24
sorryğŸ¥² @andrey.grechka (fake bruises),Karina ,2025-04-04T10:01:12Z,43894391,772822,0,1380,22
Chá»‹ thÃ­ch hoa vÄƒn gÃ¬ bá»n em cÅ©ng cÃ³ áº¡ ğŸ¤­ #thunglongfamily #giadinhthunglong,Thá»§ng Long Family,2025-04-03T11:00:58Z,3552457,64906,0,175,22
SHORTS || PHáº¦N 1: REVIEW Há»˜P MÃŒ OMACHI KHá»”NG Lá»’,NguyÃªn HÃ­ Máº¯t To,2025-04-07T10:31:06Z,2029130,48487,0,215,24
"Nick q Tran, Sang Traan tÃ¢ng Ä‘Æ°á»£c bao nhiÃªu quáº£ ğŸ¤”ğŸ¤£ | Phat Freestyle",Phat Freestyle,2025-04-05T05:19:57Z,2288975,42099,0,309,17
"CÃ´ vá»£ nhÃ  quÃª cá»§a Tá»•ng TÃ i cÃ³ vÃµ cÃ´ng Ä‘áº§y mÃ¬nh, hÃ³a ra lÃ  TrÃ¹m SÃ¡t Thá»§ bá»‹ máº¥t trÃ­ nhá»›",CCAP Dramas,2025-04-05T12:01:03Z,1839053,10182,0,626,1
çœ¼çœ‹æ‰‹ä¸èƒ½æ‘¸ #ç«å½±å¿è€… #cosplay #joker,ä½åŠ©ä¸é¸£äºº,2025-04-03T12:00:07Z,18693647,245525,0,254,23
Folk Master! Glove Table Double Mechanism,Funny Brother's Channel,2025-04-01T11:00:28Z,17053163,229055,0,88,22
WRONG DRAWING ğŸ’€ #countryhumans,StateHuman,2025-03-31T13:00:44Z,21668365,378942,0,1605,24
Láº¥y máº­t hoa trang,Triá»‡u Tháº¿ Khang Official,2025-04-03T11:33:32Z,2203129,41191,0,473,22
hahahi - Em GÃ¡i Tá»‘t Bá»¥ng GiÃºp Äá»¡ Má»i NgÆ°á»i | HÃ  HÃ  HÃ­ | #shorts,HÃ  HÃ  HÃ­,2025-04-01T12:09:25Z,2804116,36858,0,84,24
"I heard from my classmate's grandmother that this is very useful, so he brought back a pile of them",Curious Clothing Show,2025-04-03T03:15:05Z,7962218,72418,0,36,22
MAGICğŸ˜± What did I eat? ğŸğŸ­ğŸ¡,Diana Belitskay,2025-04-01T18:54:48Z,15950207,194533,0,764,22
Italians try GELATO HACK @chefkoudy,Lionfield,2025-04-02T15:01:02Z,50650296,1679822,0,4373,23
Pha bÃ³ng kinh Ä‘iá»ƒn cá»§a team Tony #shorts #soccer #kungfu,TonyTV,2025-03-31T11:12:04Z,2722101,36145,0,266,22
"Last to Breathe Wins $1,000!",Stokes Twins,2025-03-27T09:54:43Z,128251305,3165744,0,9445,22
Harley Quinn's new house!#joker  #shorts,Untitled Joker,2025-03-29T08:47:57Z,30886446,764849,0,430,22
Too late,Alina Saito / æ–è—¤ã‚¢ãƒªãƒ¼ãƒŠ,2025-03-24T15:41:02Z,221894303,3058204,0,3423,24
CÃ³ bÃ¡c nÃ o nhá»™t ko ğŸ¥¹ğŸ¥¹ğŸ¥¹,Ms Beer TV,2025-03-25T10:33:43Z,2764435,22622,0,157,26
Anh chÃ ng mang siÃªu xe Bugatti Fake tá»›i Monaco #sieuxe #shorts,Martini Official,2025-03-30T11:45:02Z,3299939,60960,0,185,2
Äá»™i Äáº·c Nhiá»‡m Chá»‘ng ThÃ¢y Ma #funny #trending #haihuoc #nec #comedy #shorts #foryou #fyp #zombie,NEC,2025-04-07T11:00:35Z,1332732,18275,0,86,24
ìê¸°ì•¼...ê·¸ê±° ì˜¤í•´ì•¼... ê·¸ëƒ¥ ì¥ë‚œì´ì—ˆë‹¤ê³ ! #animation #memes,HOWCOW uuu,2025-03-30T10:00:02Z,17974349,956049,0,5174,20
#èŠ‚å¥ç›’å­#å®¶åº­#æç¬‘#å¯çˆ±,A happy family,2025-04-02T03:30:13Z,80590146,895065,0,648,22
Giá»t nÆ°á»›c máº¯t rá»›t trÃªn | LÃª Long An #shorts,Long An Daxua,2025-03-30T12:00:40Z,2732443,56798,0,133,24
NgÆ°á»i cáº§n tÃ ng hÃ¬nh pháº£i lÃ  bá»‘ ğŸ« ğŸ«¥ #fansiefamily,Fansie Family,2025-03-27T11:00:28Z,5339148,51168,0,60,22
2050:Scan the QR Code to Read MindsğŸ§ ,ISSEI / ã„ã£ã›ã„,2025-04-02T12:01:00Z,70243555,7029255,0,3223,24
"Khi NgÆ°á»i ChÆ¡i Squid Game TÃ¡ch Káº¹o ""Cá»¥c KÃ­t"" P5 | Sheep #shorts",Sheep,2025-04-08T10:30:03Z,5838115,97898,0,160,24
Cao thá»§ cao thá»§ [BEN EAGLE] #beneagle #kungfu #martialarts #fighting #action #entertainment,BEN EAGLE,2025-03-27T20:00:04Z,46960745,454907,0,329,24
Serves the bad guy right! [KINDNESS MAN] #kindness #respect #goodman #happy #humanities,KINDNESS MAN,2025-03-26T15:00:26Z,28390533,659410,0,3399,27
The worldâ€™s most flexible girl @LibertyBarros  trying to trick the Goldman. #floating #ilusion,Silverman Statue Official,2025-03-28T13:53:28Z,88612254,1755278,0,3666,1
Khi cÃ³ bá»‘ lÃ  hiá»‡u trÆ°á»Ÿng sáº½ tháº¿ nÃ o?,Anh Bá»‘n Máº¯t,2025-03-27T09:45:01Z,4100030,72647,0,138,22
MAGICğŸ¥µ Did you notice it?ğŸ˜±ğŸ¾,Diana Belitskay,2025-03-27T16:12:59Z,37064394,477397,0,368,22
"Khi NgÆ°á»i ChÆ¡i Squid Game TÃ¡ch Káº¹o ""Cá»¥c KÃ­t"" P4 | Sheep #shorts",Sheep,2025-04-05T10:30:02Z,7090344,101737,0,129,24
I had to let a few old watches stay for a few days. I ate so many steamed buns in one meal that I d,Curious Clothing Show,2025-03-24T10:48:10Z,14767319,138800,0,145,22
Instantly Freezing Water!,Mark Rober,2025-03-28T16:01:08Z,50455131,2257026,0,2473,28
